iteration,min_cost
1,6.597130716886094
2,6.597130716886094
3,6.597130716886094
4,6.121579178171006
5,0.4567382463321783
